timestamp,trigger_code,event_label,trial_info
1774043891.384389162,participant_name_onset,participant_name_onset,
1774043895.673227072,participant_name_offset,participant_name_offset,
1774043895.675499916,experiment_start,experiment_start,participant=kahini
1774043895.710324049,welcome_onset,welcome_onset,
1774043897.074798107,welcome_enter,welcome_enter,
1774043897.075000048,welcome_offset,welcome_offset,
1774043897.166718960,tutorial_fallback_onset,tutorial_fallback_onset,step=1
1774043899.684942007,tutorial_fallback_offset,tutorial_fallback_offset,step=1
1774043899.685733080,tutorial_fallback_onset,tutorial_fallback_onset,step=2
1774043902.745366096,tutorial_fallback_offset,tutorial_fallback_offset,step=2
1774043902.746331930,tutorial_fallback_onset,tutorial_fallback_onset,step=3
1774043905.812169075,tutorial_fallback_offset,tutorial_fallback_offset,step=3
1774043905.814073086,tutorial_fallback_onset,tutorial_fallback_onset,step=4
1774043908.870280027,tutorial_fallback_offset,tutorial_fallback_offset,step=4
1774043908.871506929,tutorial_fallback_onset,tutorial_fallback_onset,step=5a
1774043911.948460102,tutorial_fallback_offset,tutorial_fallback_offset,step=5a
1774043911.949221134,tutorial_fallback_onset,tutorial_fallback_onset,step=5b
1774043916.006088018,tutorial_fallback_offset,tutorial_fallback_offset,step=5b
1774043916.008438110,tutorial_fallback_onset,tutorial_fallback_onset,step=6
1774043918.567240000,tutorial_fallback_offset,tutorial_fallback_offset,step=6
1774043918.607177973,tutorial_transition_onset,tutorial_transition_onset,
1774043938.637928009,tutorial_transition_enter,tutorial_transition_enter,
1774043938.638606071,tutorial_transition_offset,tutorial_transition_offset,
1774043938.716840982,phase1_instr1_onset,phase1_instr1_onset,
1774043940.825907946,phase1_instr1_enter,phase1_instr1_enter,
1774043940.826373100,phase1_instr1_offset,phase1_instr1_offset,
1774043940.895482063,phase1_instr2_onset,phase1_instr2_onset,
1774043954.157522917,phase1_instr2_enter,phase1_instr2_enter,
1774043954.158306122,phase1_instr2_offset,phase1_instr2_offset,
1774043954.233472109,phase1_instr3_onset,phase1_instr3_onset,
1774043956.257204056,phase1_instr3_enter,phase1_instr3_enter,
1774043956.257506132,phase1_instr3_offset,phase1_instr3_offset,
1774043956.323053122,phase1_instr4_onset,phase1_instr4_onset,
1774043961.381404877,phase1_instr4_enter,phase1_instr4_enter,
1774043961.382761002,phase1_instr4_offset,phase1_instr4_offset,
1774043961.454724073,phase1_before_grid_onset,phase1_before_grid_onset,
1774043981.041846037,phase1_before_grid_enter,phase1_before_grid_enter,
1774043981.042319775,phase1_before_grid_offset,phase1_before_grid_offset,
1774043981.272410154,phase1_grid_onset,phase1_grid_onset,
1774043986.289916992,phase1_grid_offset,phase1_grid_offset,
1774043986.308319092,phase1_fixation_onset,phase1_fixation_onset,
1774043987.325119019,phase1_fixation_offset,phase1_fixation_offset,
1774043987.349838018,phase1_instruction2a_onset,phase1_instruction2a_onset,
1774043998.946134090,phase1_instruction2a_enter,phase1_instruction2a_enter,
1774043998.946821928,phase1_instruction2a_offset,phase1_instruction2a_offset,
1774043999.023720980,phase1_instruction2c_onset,phase1_instruction2c_onset,
1774044002.773529053,phase1_instruction2c_enter,phase1_instruction2c_enter,
1774044002.773957968,phase1_instruction2c_offset,phase1_instruction2c_offset,
1774044002.850302935,phase1_stimulus_onset,phase1_stimulus_onset,trial=1
1774044003.856548071,phase1_stimulus_offset,phase1_stimulus_offset,trial=1
1774044004.958275080,phase1_click_place,phase1_click_place,trial=1 shape=Shape_2_0.png click=1
1774044005.431888819,phase1_enter_submit,phase1_enter_submit,trial=1 shape=Shape_2_0.png
1774044005.515994787,phase1_placements_saved,phase1_placements_saved,phase1_placements_kahini_20260320_175811.png trial=1
1774044005.523624897,phase1_stimulus_onset,phase1_stimulus_onset,trial=2
1774044006.527966022,phase1_stimulus_offset,phase1_stimulus_offset,trial=2
1774044007.047589779,phase1_click_place,phase1_click_place,trial=2 shape=Shape_3_2.png click=1
1774044007.363175869,phase1_enter_submit,phase1_enter_submit,trial=2 shape=Shape_3_2.png
1774044007.450404167,phase1_placements_saved,phase1_placements_saved,phase1_placements_kahini_20260320_175811.png trial=2
1774044007.458806038,phase1_stimulus_onset,phase1_stimulus_onset,trial=3
1774044008.462223053,phase1_stimulus_offset,phase1_stimulus_offset,trial=3
1774044008.960662127,phase1_click_place,phase1_click_place,trial=3 shape=Shape_0_3.png click=1
1774044009.278316975,phase1_enter_submit,phase1_enter_submit,trial=3 shape=Shape_0_3.png
1774044009.366500139,phase1_placements_saved,phase1_placements_saved,phase1_placements_kahini_20260320_175811.png trial=3
1774044009.377235889,phase1_stimulus_onset,phase1_stimulus_onset,trial=4
1774044010.382323980,phase1_stimulus_offset,phase1_stimulus_offset,trial=4
1774044010.830955982,phase1_click_place,phase1_click_place,trial=4 shape=Shape_1_1.png click=1
1774044011.143610001,phase1_enter_submit,phase1_enter_submit,trial=4 shape=Shape_1_1.png
1774044011.350825071,phase1_placements_saved,phase1_placements_saved,phase1_placements_kahini_20260320_175811.png trial=4
1774044011.360345125,phase1_stimulus_onset,phase1_stimulus_onset,trial=5
1774044012.367227793,phase1_stimulus_offset,phase1_stimulus_offset,trial=5
1774044012.931504011,phase1_click_place,phase1_click_place,trial=5 shape=Shape_3_0.png click=1
1774044013.228322983,phase1_enter_submit,phase1_enter_submit,trial=5 shape=Shape_3_0.png
1774044013.337290049,phase1_placements_saved,phase1_placements_saved,phase1_placements_kahini_20260320_175811.png trial=5
1774044013.349058151,phase1_stimulus_onset,phase1_stimulus_onset,trial=6
1774044014.355504036,phase1_stimulus_offset,phase1_stimulus_offset,trial=6
1774044015.010436058,phase1_click_place,phase1_click_place,trial=6 shape=Shape_3_1.png click=1
1774044015.278290987,phase1_enter_submit,phase1_enter_submit,trial=6 shape=Shape_3_1.png
1774044015.384209871,phase1_placements_saved,phase1_placements_saved,phase1_placements_kahini_20260320_175811.png trial=6
1774044015.397040129,phase1_stimulus_onset,phase1_stimulus_onset,trial=7
1774044016.401530027,phase1_stimulus_offset,phase1_stimulus_offset,trial=7
1774044017.760450125,phase1_click_place,phase1_click_place,trial=7 shape=Shape_2_3.png click=1
1774044018.095031023,phase1_enter_submit,phase1_enter_submit,trial=7 shape=Shape_2_3.png
1774044018.206856012,phase1_placements_saved,phase1_placements_saved,phase1_placements_kahini_20260320_175811.png trial=7
1774044018.218761921,phase1_stimulus_onset,phase1_stimulus_onset,trial=8
1774044019.224045992,phase1_stimulus_offset,phase1_stimulus_offset,trial=8
1774044019.760350943,phase1_click_place,phase1_click_place,trial=8 shape=Shape_1_0.png click=1
1774044020.166229010,phase1_enter_submit,phase1_enter_submit,trial=8 shape=Shape_1_0.png
1774044020.471086025,phase1_placements_saved,phase1_placements_saved,phase1_placements_kahini_20260320_175811.png trial=8
1774044020.488380909,phase1_stimulus_onset,phase1_stimulus_onset,trial=9
1774044021.496827841,phase1_stimulus_offset,phase1_stimulus_offset,trial=9
1774044022.127499104,phase1_click_place,phase1_click_place,trial=9 shape=Shape_0_2.png click=1
1774044022.412859917,phase1_enter_submit,phase1_enter_submit,trial=9 shape=Shape_0_2.png
1774044022.534153938,phase1_placements_saved,phase1_placements_saved,phase1_placements_kahini_20260320_175811.png trial=9
1774044022.544973135,phase1_stimulus_onset,phase1_stimulus_onset,trial=10
1774044023.550146103,phase1_stimulus_offset,phase1_stimulus_offset,trial=10
1774044024.394430876,phase1_click_place,phase1_click_place,trial=10 shape=Shape_2_1.png click=1
1774044024.644652128,phase1_enter_submit,phase1_enter_submit,trial=10 shape=Shape_2_1.png
1774044024.770015001,phase1_placements_saved,phase1_placements_saved,phase1_placements_kahini_20260320_175811.png trial=10
1774044024.779004812,phase1_stimulus_onset,phase1_stimulus_onset,trial=11
1774044025.784791946,phase1_stimulus_offset,phase1_stimulus_offset,trial=11
1774044026.333514929,phase1_click_place,phase1_click_place,trial=11 shape=Shape_0_0.png click=1
1774044026.610174894,phase1_enter_submit,phase1_enter_submit,trial=11 shape=Shape_0_0.png
1774044026.829004049,phase1_placements_saved,phase1_placements_saved,phase1_placements_kahini_20260320_175811.png trial=11
1774044026.850037098,phase1_stimulus_onset,phase1_stimulus_onset,trial=12
1774044027.857300043,phase1_stimulus_offset,phase1_stimulus_offset,trial=12
1774044028.355944872,phase1_click_place,phase1_click_place,trial=12 shape=Shape_1_2.png click=1
1774044028.613578081,phase1_enter_submit,phase1_enter_submit,trial=12 shape=Shape_1_2.png
1774044029.002519131,phase1_placements_saved,phase1_placements_saved,phase1_placements_kahini_20260320_175811.png trial=12
1774044029.017296791,phase1_stimulus_onset,phase1_stimulus_onset,trial=13
1774044030.024636984,phase1_stimulus_offset,phase1_stimulus_offset,trial=13
1774044030.901930094,phase1_click_place,phase1_click_place,trial=13 shape=Shape_2_2.png click=1
1774044031.432728052,phase1_enter_submit,phase1_enter_submit,trial=13 shape=Shape_2_2.png
1774044031.665913105,phase1_placements_saved,phase1_placements_saved,phase1_placements_kahini_20260320_175811.png trial=13
1774044031.691260815,phase1_stimulus_onset,phase1_stimulus_onset,trial=14
1774044032.698220968,phase1_stimulus_offset,phase1_stimulus_offset,trial=14
1774044033.403178930,phase1_click_place,phase1_click_place,trial=14 shape=Shape_1_3.png click=1
1774044033.689359188,phase1_enter_submit,phase1_enter_submit,trial=14 shape=Shape_1_3.png
1774044033.946502924,phase1_placements_saved,phase1_placements_saved,phase1_placements_kahini_20260320_175811.png trial=14
1774044033.962275028,phase1_stimulus_onset,phase1_stimulus_onset,trial=15
1774044034.968173027,phase1_stimulus_offset,phase1_stimulus_offset,trial=15
1774044036.319186926,phase1_click_place,phase1_click_place,trial=15 shape=Shape_3_3.png click=1
1774044036.616290092,phase1_enter_submit,phase1_enter_submit,trial=15 shape=Shape_3_3.png
1774044036.807414055,phase1_placements_saved,phase1_placements_saved,phase1_placements_kahini_20260320_175811.png trial=15
1774044036.825064898,phase1_stimulus_onset,phase1_stimulus_onset,trial=16
1774044037.832701921,phase1_stimulus_offset,phase1_stimulus_offset,trial=16
1774044038.471095085,phase1_click_place,phase1_click_place,trial=16 shape=Shape_0_1.png click=1
1774044038.763353109,phase1_enter_submit,phase1_enter_submit,trial=16 shape=Shape_0_1.png
1774044039.194419861,phase1_placements_saved,phase1_placements_saved,phase1_placements_kahini_20260320_175811.png trial=16
1774044039.278939962,phase2_instr1_onset,phase2_instr1_onset,
1774044045.026249886,phase2_instr1_enter,phase2_instr1_enter,
1774044045.027544975,phase2_instr1_offset,phase2_instr1_offset,
1774044045.095547915,phase2_instr2_onset,phase2_instr2_onset,
1774044077.474139929,phase2_instr2_enter,phase2_instr2_enter,
1774044077.476410151,phase2_instr2_offset,phase2_instr2_offset,
1774044077.549517155,phase2_instr3_onset,phase2_instr3_onset,
1774045080.619374037,phase2_instr3_enter,phase2_instr3_enter,
1774045080.622677088,phase2_instr3_offset,phase2_instr3_offset,
1774045080.712957859,phase2_instr4_onset,phase2_instr4_onset,
1774045087.061437845,phase2_instr4_enter,phase2_instr4_enter,
1774045087.062416792,phase2_instr4_offset,phase2_instr4_offset,
1774045087.131858826,phase2_instr5_onset,phase2_instr5_onset,
1774045088.404111147,phase2_instr5_enter,phase2_instr5_enter,
1774045088.404524088,phase2_instr5_offset,phase2_instr5_offset,
1774045088.467419863,phase2_instr6_onset,phase2_instr6_onset,
1774045093.525088072,phase2_instr6_enter,phase2_instr6_enter,
1774045093.526079893,phase2_instr6_offset,phase2_instr6_offset,
1774045093.596816778,phase2_tutorial_intro_onset,phase2_tutorial_intro_onset,
1774045114.287332058,phase2_tutorial_intro_enter,phase2_tutorial_intro_enter,
1774045114.288527966,phase2_tutorial_intro_offset,phase2_tutorial_intro_offset,
1774045114.553973913,phase2_tutorial_fixation_onset,phase2_tutorial_fixation_onset,
1774045115.064221859,phase2_tutorial_fixation_offset,phase2_tutorial_fixation_offset,
1774045115.065126896,phase2_tutorial_context1_onset,phase2_tutorial_context1_onset,
1774045116.085605860,phase2_tutorial_context1_offset,phase2_tutorial_context1_offset,
1774045116.086258888,phase2_tutorial_shape_onset,phase2_tutorial_shape_onset,
1774045117.094949007,phase2_tutorial_shape_offset,phase2_tutorial_shape_offset,
1774045117.095642805,phase2_tutorial_blank_onset,phase2_tutorial_blank_onset,
1774045118.121439934,phase2_tutorial_blank_offset,phase2_tutorial_blank_offset,
1774045118.122372150,phase2_tutorial_reddot_onset,phase2_tutorial_reddot_onset,
1774045121.148051977,phase2_tutorial_reddot_offset,phase2_tutorial_reddot_offset,
1774045121.148856163,phase2_tutorial_context2_onset,phase2_tutorial_context2_onset,
1774045122.166325092,phase2_tutorial_context2_offset,phase2_tutorial_context2_offset,
1774045122.167002201,phase2_tutorial_shape2_onset,phase2_tutorial_shape2_onset,
1774045123.176390886,phase2_tutorial_shape2_offset,phase2_tutorial_shape2_offset,
1774045123.177221775,phase2_tutorial_blank2_onset,phase2_tutorial_blank2_onset,
1774045124.183897018,phase2_tutorial_blank2_offset,phase2_tutorial_blank2_offset,
1774045124.186000824,phase2_tutorial_reddot2_onset,phase2_tutorial_reddot2_onset,
1774045127.202685833,phase2_tutorial_reddot2_offset,phase2_tutorial_reddot2_offset,
1774045127.222705841,phase2_tutorial_question_onset,phase2_tutorial_question_onset,
1774045128.758655071,phase2_tutorial_response,phase2_tutorial_response,SPACE
1774045129.760002136,phase2_tutorial_question_offset,phase2_tutorial_question_offset,
1774045129.761021852,phase2_tutorial_post_blank_onset,phase2_tutorial_post_blank_onset,
1774045132.770633936,phase2_tutorial_post_blank_offset,phase2_tutorial_post_blank_offset,
1774045132.796648979,phase2_ready_onset,phase2_ready_onset,
1774045147.355045795,phase2_ready_enter,phase2_ready_enter,
1774045147.357187033,phase2_ready_offset,phase2_ready_offset,
1774045147.456934929,phase2_fixation_onset,phase2_fixation_onset,trial=1
1774045147.961941957,phase2_fixation_offset,phase2_fixation_offset,trial=1
1774045148.075441837,phase2_context1_onset,phase2_context1_onset,trial=1
1774045149.079446077,phase2_context1_offset,phase2_context1_offset,trial=1
1774045149.079879999,phase2_shape_onset,phase2_shape_onset,trial=1
1774045150.093455791,phase2_shape_offset,phase2_shape_offset,trial=1
1774045150.095288038,phase2_blank1_onset,phase2_blank1_onset,trial=1
1774045151.105386019,phase2_blank1_offset,phase2_blank1_offset,trial=1
1774045151.105887890,phase2_reddot_onset,phase2_reddot_onset,trial=1
1774045154.124229908,phase2_reddot_offset,phase2_reddot_offset,trial=1
1774045154.124545097,phase2_context2_onset,phase2_context2_onset,trial=1
1774045155.145170927,phase2_context2_offset,phase2_context2_offset,trial=1
1774045155.145637989,phase2_shape2_onset,phase2_shape2_onset,trial=1
1774045156.155860901,phase2_shape2_offset,phase2_shape2_offset,trial=1
1774045156.156198978,phase2_blank2_onset,phase2_blank2_onset,trial=1
1774045157.168033123,phase2_blank2_offset,phase2_blank2_offset,trial=1
1774045157.168610096,phase2_reddot2_onset,phase2_reddot2_onset,trial=1
1774045160.197181940,phase2_reddot2_offset,phase2_reddot2_offset,trial=1
1774045160.233656168,phase2_question_onset,phase2_question_onset,trial=1
1774045161.578315973,phase2_response,phase2_response,trial=1 response=BEDROOM
1774045161.579843998,phase2_question_offset,phase2_question_offset,trial=1
1774045161.588399172,phase2_trial_iti_onset,phase2_trial_iti_onset,trial=1
1774045162.094674826,phase2_trial_iti_offset,phase2_trial_iti_offset,trial=1
1774045162.095231056,phase2_fixation_onset,phase2_fixation_onset,trial=2
1774045162.602219105,phase2_fixation_offset,phase2_fixation_offset,trial=2
1774045162.721854925,phase2_context1_onset,phase2_context1_onset,trial=2
1774045163.728659868,phase2_context1_offset,phase2_context1_offset,trial=2
1774045163.729516983,phase2_shape_onset,phase2_shape_onset,trial=2
1774045164.741540194,phase2_shape_offset,phase2_shape_offset,trial=2
1774045164.742568970,phase2_blank1_onset,phase2_blank1_onset,trial=2
1774045165.750945091,phase2_blank1_offset,phase2_blank1_offset,trial=2
1774045165.751873970,phase2_reddot_onset,phase2_reddot_onset,trial=2
1774045168.762347937,phase2_reddot_offset,phase2_reddot_offset,trial=2
1774045168.763265133,phase2_context2_onset,phase2_context2_onset,trial=2
1774045169.788785934,phase2_context2_offset,phase2_context2_offset,trial=2
1774045169.789942026,phase2_shape2_onset,phase2_shape2_onset,trial=2
1774045170.799625874,phase2_shape2_offset,phase2_shape2_offset,trial=2
1774045170.800307035,phase2_blank2_onset,phase2_blank2_onset,trial=2
1774045171.807486057,phase2_blank2_offset,phase2_blank2_offset,trial=2
1774045171.808084965,phase2_reddot2_onset,phase2_reddot2_onset,trial=2
1774045174.815173149,phase2_reddot2_offset,phase2_reddot2_offset,trial=2
1774045174.845952988,phase2_question_onset,phase2_question_onset,trial=2
1774045175.334653854,phase2_response,phase2_response,trial=2 response=BOOKSTORE
1774045175.335184813,phase2_question_offset,phase2_question_offset,trial=2
1774045175.335953951,phase2_trial_iti_onset,phase2_trial_iti_onset,trial=2
1774045175.840865135,phase2_trial_iti_offset,phase2_trial_iti_offset,trial=2
1774045175.841572046,phase2_fixation_onset,phase2_fixation_onset,trial=3
1774045176.347344875,phase2_fixation_offset,phase2_fixation_offset,trial=3
1774045176.450415134,phase2_context1_onset,phase2_context1_onset,trial=3
1774045177.454335928,phase2_context1_offset,phase2_context1_offset,trial=3
1774045177.455286026,phase2_shape_onset,phase2_shape_onset,trial=3
1774045178.473536015,phase2_shape_offset,phase2_shape_offset,trial=3
1774045178.473911047,phase2_blank1_onset,phase2_blank1_onset,trial=3
1774045179.478970766,phase2_blank1_offset,phase2_blank1_offset,trial=3
1774045179.479789019,phase2_reddot_onset,phase2_reddot_onset,trial=3
1774045182.486730099,phase2_reddot_offset,phase2_reddot_offset,trial=3
1774045182.487732887,phase2_context2_onset,phase2_context2_onset,trial=3
1774045183.511438131,phase2_context2_offset,phase2_context2_offset,trial=3
1774045183.512406111,phase2_shape2_onset,phase2_shape2_onset,trial=3
1774045184.522634983,phase2_shape2_offset,phase2_shape2_offset,trial=3
1774045184.523303986,phase2_blank2_onset,phase2_blank2_onset,trial=3
1774045185.537292957,phase2_blank2_offset,phase2_blank2_offset,trial=3
1774045185.538267851,phase2_reddot2_onset,phase2_reddot2_onset,trial=3
1774045188.544601202,phase2_reddot2_offset,phase2_reddot2_offset,trial=3
1774045188.568668842,phase2_question_onset,phase2_question_onset,trial=3
1774045189.113351822,phase2_response,phase2_response,trial=3 response=SKY
1774045189.113989115,phase2_question_offset,phase2_question_offset,trial=3
1774045189.114433050,phase2_trial_iti_onset,phase2_trial_iti_onset,trial=3
1774045189.617416859,phase2_trial_iti_offset,phase2_trial_iti_offset,trial=3
1774045189.618492842,phase2_fixation_onset,phase2_fixation_onset,trial=4
1774045190.130655050,phase2_fixation_offset,phase2_fixation_offset,trial=4
1774045190.238795042,phase2_context1_onset,phase2_context1_onset,trial=4
1774045191.246273994,phase2_context1_offset,phase2_context1_offset,trial=4
1774045191.246814966,phase2_shape_onset,phase2_shape_onset,trial=4
1774045192.260632992,phase2_shape_offset,phase2_shape_offset,trial=4
1774045192.261524916,phase2_blank1_onset,phase2_blank1_onset,trial=4
1774045193.269984961,phase2_blank1_offset,phase2_blank1_offset,trial=4
1774045193.270323992,phase2_reddot_onset,phase2_reddot_onset,trial=4
1774045196.286352873,phase2_reddot_offset,phase2_reddot_offset,trial=4
1774045196.288305998,phase2_context2_onset,phase2_context2_onset,trial=4
1774045197.316113949,phase2_context2_offset,phase2_context2_offset,trial=4
1774045197.316784859,phase2_shape2_onset,phase2_shape2_onset,trial=4
1774045198.327328920,phase2_shape2_offset,phase2_shape2_offset,trial=4
1774045198.327569008,phase2_blank2_onset,phase2_blank2_onset,trial=4
1774045199.338512897,phase2_blank2_offset,phase2_blank2_offset,trial=4
1774045199.339359045,phase2_reddot2_onset,phase2_reddot2_onset,trial=4
1774045202.359407187,phase2_reddot2_offset,phase2_reddot2_offset,trial=4
1774045202.385560036,phase2_question_onset,phase2_question_onset,trial=4
1774045202.917890072,phase2_response,phase2_response,trial=4 response=CINEMA
1774045202.918261051,phase2_question_offset,phase2_question_offset,trial=4
1774045202.918959141,phase2_trial_iti_onset,phase2_trial_iti_onset,trial=4
1774045203.427696228,phase2_trial_iti_offset,phase2_trial_iti_offset,trial=4
1774045203.428437948,phase2_fixation_onset,phase2_fixation_onset,trial=5
1774045203.935328960,phase2_fixation_offset,phase2_fixation_offset,trial=5
1774045204.043193102,phase2_context1_onset,phase2_context1_onset,trial=5
1774045205.047224998,phase2_context1_offset,phase2_context1_offset,trial=5
1774045205.048064947,phase2_shape_onset,phase2_shape_onset,trial=5
1774045206.058724165,phase2_shape_offset,phase2_shape_offset,trial=5
1774045206.058933973,phase2_blank1_onset,phase2_blank1_onset,trial=5
1774045207.063320160,phase2_blank1_offset,phase2_blank1_offset,trial=5
1774045207.064185143,phase2_reddot_onset,phase2_reddot_onset,trial=5
1774045210.075617075,phase2_reddot_offset,phase2_reddot_offset,trial=5
1774045210.076314211,phase2_context2_onset,phase2_context2_onset,trial=5
1774045211.108181000,phase2_context2_offset,phase2_context2_offset,trial=5
1774045211.108692884,phase2_shape2_onset,phase2_shape2_onset,trial=5
1774045212.129120111,phase2_shape2_offset,phase2_shape2_offset,trial=5
1774045212.130378008,phase2_blank2_onset,phase2_blank2_onset,trial=5
1774045213.157605886,phase2_blank2_offset,phase2_blank2_offset,trial=5
1774045213.157782078,phase2_reddot2_onset,phase2_reddot2_onset,trial=5
1774045216.161539078,phase2_reddot2_offset,phase2_reddot2_offset,trial=5
1774045216.186270952,phase2_question_onset,phase2_question_onset,trial=5
1774045219.307043076,phase2_response,phase2_response,trial=5 response=POND
1774045219.307623863,phase2_question_offset,phase2_question_offset,trial=5
1774045219.308095932,phase2_trial_iti_onset,phase2_trial_iti_onset,trial=5
1774045219.813529015,phase2_trial_iti_offset,phase2_trial_iti_offset,trial=5
1774045219.814373016,phase2_fixation_onset,phase2_fixation_onset,trial=6
1774045220.321749926,phase2_fixation_offset,phase2_fixation_offset,trial=6
1774045220.443464041,phase2_context1_onset,phase2_context1_onset,trial=6
1774045221.448423862,phase2_context1_offset,phase2_context1_offset,trial=6
1774045221.449100018,phase2_shape_onset,phase2_shape_onset,trial=6
1774045222.462660074,phase2_shape_offset,phase2_shape_offset,trial=6
1774045222.463680029,phase2_blank1_onset,phase2_blank1_onset,trial=6
1774045223.472424984,phase2_blank1_offset,phase2_blank1_offset,trial=6
1774045223.473345995,phase2_reddot_onset,phase2_reddot_onset,trial=6
1774045226.483790159,phase2_reddot_offset,phase2_reddot_offset,trial=6
1774045226.485391140,phase2_context2_onset,phase2_context2_onset,trial=6
1774045227.515931845,phase2_context2_offset,phase2_context2_offset,trial=6
1774045227.517035961,phase2_shape2_onset,phase2_shape2_onset,trial=6
1774045228.525429010,phase2_shape2_offset,phase2_shape2_offset,trial=6
1774045228.526424170,phase2_blank2_onset,phase2_blank2_onset,trial=6
1774045229.534018040,phase2_blank2_offset,phase2_blank2_offset,trial=6
1774045229.534703016,phase2_reddot2_onset,phase2_reddot2_onset,trial=6
1774045232.544726133,phase2_reddot2_offset,phase2_reddot2_offset,trial=6
1774045232.561125994,phase2_question_onset,phase2_question_onset,trial=6
1774045233.843290091,phase2_response,phase2_response,trial=6 response=CARROT
1774045233.843778133,phase2_question_offset,phase2_question_offset,trial=6
1774045233.844302177,phase2_trial_iti_onset,phase2_trial_iti_onset,trial=6
1774045234.348284006,phase2_trial_iti_offset,phase2_trial_iti_offset,trial=6
1774045234.348803043,phase2_fixation_onset,phase2_fixation_onset,trial=7
1774045234.856686115,phase2_fixation_offset,phase2_fixation_offset,trial=7
1774045234.961393833,phase2_context1_onset,phase2_context1_onset,trial=7
1774045235.965405941,phase2_context1_offset,phase2_context1_offset,trial=7
1774045235.966359138,phase2_shape_onset,phase2_shape_onset,trial=7
1774045236.978075981,phase2_shape_offset,phase2_shape_offset,trial=7
1774045236.979008913,phase2_blank1_onset,phase2_blank1_onset,trial=7
1774045237.989112139,phase2_blank1_offset,phase2_blank1_offset,trial=7
1774045237.989838123,phase2_reddot_onset,phase2_reddot_onset,trial=7
1774045240.999368906,phase2_reddot_offset,phase2_reddot_offset,trial=7
1774045241.000368834,phase2_context2_onset,phase2_context2_onset,trial=7
1774045242.015830040,phase2_context2_offset,phase2_context2_offset,trial=7
1774045242.016975164,phase2_shape2_onset,phase2_shape2_onset,trial=7
1774045243.038616180,phase2_shape2_offset,phase2_shape2_offset,trial=7
1774045243.039672136,phase2_blank2_onset,phase2_blank2_onset,trial=7
1774045244.046479940,phase2_blank2_offset,phase2_blank2_offset,trial=7
1774045244.047684193,phase2_reddot2_onset,phase2_reddot2_onset,trial=7
1774045247.057304144,phase2_reddot2_offset,phase2_reddot2_offset,trial=7
1774045247.098426819,phase2_question_onset,phase2_question_onset,trial=7
1774045248.188360929,phase2_response,phase2_response,trial=7 response=BEDROOM
1774045248.189235926,phase2_question_offset,phase2_question_offset,trial=7
1774045248.189863920,phase2_trial_iti_onset,phase2_trial_iti_onset,trial=7
1774045248.694342852,phase2_trial_iti_offset,phase2_trial_iti_offset,trial=7
1774045248.695228815,phase2_fixation_onset,phase2_fixation_onset,trial=8
1774045249.203346014,phase2_fixation_offset,phase2_fixation_offset,trial=8
1774045249.307137012,phase2_context1_onset,phase2_context1_onset,trial=8
1774045250.312624931,phase2_context1_offset,phase2_context1_offset,trial=8
1774045250.313364029,phase2_shape_onset,phase2_shape_onset,trial=8
1774045251.323153973,phase2_shape_offset,phase2_shape_offset,trial=8
1774045251.323931932,phase2_blank1_onset,phase2_blank1_onset,trial=8
1774045252.332464933,phase2_blank1_offset,phase2_blank1_offset,trial=8
1774045252.333562136,phase2_reddot_onset,phase2_reddot_onset,trial=8
1774045255.342462063,phase2_reddot_offset,phase2_reddot_offset,trial=8
1774045255.343530893,phase2_context2_onset,phase2_context2_onset,trial=8
1774045256.356800079,phase2_context2_offset,phase2_context2_offset,trial=8
1774045256.357443094,phase2_shape2_onset,phase2_shape2_onset,trial=8
1774045257.363786936,phase2_shape2_offset,phase2_shape2_offset,trial=8
1774045257.364151001,phase2_blank2_onset,phase2_blank2_onset,trial=8
1774045258.370476007,phase2_blank2_offset,phase2_blank2_offset,trial=8
1774045258.371519089,phase2_reddot2_onset,phase2_reddot2_onset,trial=8
1774045261.382472992,phase2_reddot2_offset,phase2_reddot2_offset,trial=8
1774045261.401994944,phase2_question_onset,phase2_question_onset,trial=8
1774045262.579401016,phase2_response,phase2_response,trial=8 response=CINEMA
1774045262.579916000,phase2_question_offset,phase2_question_offset,trial=8
1774045262.580404997,phase2_trial_iti_onset,phase2_trial_iti_onset,trial=8
1774045263.085408926,phase2_trial_iti_offset,phase2_trial_iti_offset,trial=8
1774045263.086371183,phase2_fixation_onset,phase2_fixation_onset,trial=9
1774045263.594912052,phase2_fixation_offset,phase2_fixation_offset,trial=9
1774045263.708081961,phase2_context1_onset,phase2_context1_onset,trial=9
1774045264.713585854,phase2_context1_offset,phase2_context1_offset,trial=9
1774045264.714507103,phase2_shape_onset,phase2_shape_onset,trial=9
1774045265.727676868,phase2_shape_offset,phase2_shape_offset,trial=9
1774045265.728641987,phase2_blank1_onset,phase2_blank1_onset,trial=9
1774045266.736914873,phase2_blank1_offset,phase2_blank1_offset,trial=9
1774045266.738060951,phase2_reddot_onset,phase2_reddot_onset,trial=9
1774045269.752122164,phase2_reddot_offset,phase2_reddot_offset,trial=9
1774045269.753000021,phase2_context2_onset,phase2_context2_onset,trial=9
1774045270.789175034,phase2_context2_offset,phase2_context2_offset,trial=9
1774045270.790271044,phase2_shape2_onset,phase2_shape2_onset,trial=9
1774045271.799682140,phase2_shape2_offset,phase2_shape2_offset,trial=9
1774045271.800379992,phase2_blank2_onset,phase2_blank2_onset,trial=9
1774045272.808583021,phase2_blank2_offset,phase2_blank2_offset,trial=9
1774045272.809684992,phase2_reddot2_onset,phase2_reddot2_onset,trial=9
1774045275.818907976,phase2_reddot2_offset,phase2_reddot2_offset,trial=9
1774045275.843136072,phase2_question_onset,phase2_question_onset,trial=9
1774045276.681872845,phase2_response,phase2_response,trial=9 response=WALL
1774045276.682729006,phase2_question_offset,phase2_question_offset,trial=9
1774045276.683376074,phase2_trial_iti_onset,phase2_trial_iti_onset,trial=9
1774045277.187898159,phase2_trial_iti_offset,phase2_trial_iti_offset,trial=9
1774045277.188783169,phase2_fixation_onset,phase2_fixation_onset,trial=10
1774045277.696406126,phase2_fixation_offset,phase2_fixation_offset,trial=10
1774045277.805325985,phase2_context1_onset,phase2_context1_onset,trial=10
1774045278.809751987,phase2_context1_offset,phase2_context1_offset,trial=10
1774045278.810192823,phase2_shape_onset,phase2_shape_onset,trial=10
1774045279.821813107,phase2_shape_offset,phase2_shape_offset,trial=10
1774045279.822596073,phase2_blank1_onset,phase2_blank1_onset,trial=10
1774045280.831570864,phase2_blank1_offset,phase2_blank1_offset,trial=10
1774045280.832080841,phase2_reddot_onset,phase2_reddot_onset,trial=10
1774045283.839200974,phase2_reddot_offset,phase2_reddot_offset,trial=10
1774045283.840197802,phase2_context2_onset,phase2_context2_onset,trial=10
1774045284.861404896,phase2_context2_offset,phase2_context2_offset,trial=10
1774045284.862056017,phase2_shape2_onset,phase2_shape2_onset,trial=10
1774045285.872336864,phase2_shape2_offset,phase2_shape2_offset,trial=10
1774045285.873340845,phase2_blank2_onset,phase2_blank2_onset,trial=10
1774045286.882508993,phase2_blank2_offset,phase2_blank2_offset,trial=10
1774045286.883064032,phase2_reddot2_onset,phase2_reddot2_onset,trial=10
1774045289.891736984,phase2_reddot2_offset,phase2_reddot2_offset,trial=10
1774045289.914902925,phase2_question_onset,phase2_question_onset,trial=10
1774045291.535645008,phase2_response,phase2_response,trial=10 response=TREE
1774045291.536389112,phase2_question_offset,phase2_question_offset,trial=10
1774045291.537023067,phase2_trial_iti_onset,phase2_trial_iti_onset,trial=10
1774045292.045019865,phase2_trial_iti_offset,phase2_trial_iti_offset,trial=10
1774045292.045797825,phase2_fixation_onset,phase2_fixation_onset,trial=11
1774045292.554522038,phase2_fixation_offset,phase2_fixation_offset,trial=11
1774045292.667371988,phase2_context1_onset,phase2_context1_onset,trial=11
1774045293.671553135,phase2_context1_offset,phase2_context1_offset,trial=11
1774045293.672538042,phase2_shape_onset,phase2_shape_onset,trial=11
1774045294.687829971,phase2_shape_offset,phase2_shape_offset,trial=11
1774045294.688232899,phase2_blank1_onset,phase2_blank1_onset,trial=11
1774045295.698504925,phase2_blank1_offset,phase2_blank1_offset,trial=11
1774045295.699100971,phase2_reddot_onset,phase2_reddot_onset,trial=11
1774045298.708426952,phase2_reddot_offset,phase2_reddot_offset,trial=11
1774045298.709190845,phase2_context2_onset,phase2_context2_onset,trial=11
1774045299.728471994,phase2_context2_offset,phase2_context2_offset,trial=11
1774045299.729783058,phase2_shape2_onset,phase2_shape2_onset,trial=11
1774045300.738239050,phase2_shape2_offset,phase2_shape2_offset,trial=11
1774045300.739395142,phase2_blank2_onset,phase2_blank2_onset,trial=11
1774045301.747813225,phase2_blank2_offset,phase2_blank2_offset,trial=11
1774045301.748711824,phase2_reddot2_onset,phase2_reddot2_onset,trial=11
1774045304.762149096,phase2_reddot2_offset,phase2_reddot2_offset,trial=11
1774045304.791352987,phase2_question_onset,phase2_question_onset,trial=11
1774045305.924184084,phase2_response,phase2_response,trial=11 response=SKY
1774045305.924997807,phase2_question_offset,phase2_question_offset,trial=11
1774045305.925834894,phase2_trial_iti_onset,phase2_trial_iti_onset,trial=11
1774045306.430227995,phase2_trial_iti_offset,phase2_trial_iti_offset,trial=11
1774045306.431196928,phase2_fixation_onset,phase2_fixation_onset,trial=12
1774045306.939209938,phase2_fixation_offset,phase2_fixation_offset,trial=12
1774045307.054156065,phase2_context1_onset,phase2_context1_onset,trial=12
1774045308.058943033,phase2_context1_offset,phase2_context1_offset,trial=12
1774045308.059623003,phase2_shape_onset,phase2_shape_onset,trial=12
1774045309.071523190,phase2_shape_offset,phase2_shape_offset,trial=12
1774045309.072375059,phase2_blank1_onset,phase2_blank1_onset,trial=12
1774045310.080317020,phase2_blank1_offset,phase2_blank1_offset,trial=12
1774045310.081238031,phase2_reddot_onset,phase2_reddot_onset,trial=12
1774045313.091809034,phase2_reddot_offset,phase2_reddot_offset,trial=12
1774045313.093238115,phase2_context2_onset,phase2_context2_onset,trial=12
1774045314.114281893,phase2_context2_offset,phase2_context2_offset,trial=12
1774045314.115385056,phase2_shape2_onset,phase2_shape2_onset,trial=12
1774045315.122953892,phase2_shape2_offset,phase2_shape2_offset,trial=12
1774045315.123919010,phase2_blank2_onset,phase2_blank2_onset,trial=12
1774045316.131493807,phase2_blank2_offset,phase2_blank2_offset,trial=12
1774045316.132572889,phase2_reddot2_onset,phase2_reddot2_onset,trial=12
1774045319.140215158,phase2_reddot2_offset,phase2_reddot2_offset,trial=12
1774045319.159470081,phase2_question_onset,phase2_question_onset,trial=12
1774045320.494729996,phase2_response,phase2_response,trial=12 response=CINEMA
1774045320.495182037,phase2_question_offset,phase2_question_offset,trial=12
1774045320.495715141,phase2_trial_iti_onset,phase2_trial_iti_onset,trial=12
1774045321.000266075,phase2_trial_iti_offset,phase2_trial_iti_offset,trial=12
1774045321.200243950,phase2_break_onset,phase2_break_onset,after_trial=12
1774045327.935509920,phase2_break_enter,phase2_break_enter,
1774045327.935934067,phase2_break_offset,phase2_break_offset,
1774045327.987626076,phase2_fixation_onset,phase2_fixation_onset,trial=13
1774045328.493098021,phase2_fixation_offset,phase2_fixation_offset,trial=13
1774045328.598326921,phase2_context1_onset,phase2_context1_onset,trial=13
1774045329.603627920,phase2_context1_offset,phase2_context1_offset,trial=13
1774045329.604164124,phase2_shape_onset,phase2_shape_onset,trial=13
1774045330.620151997,phase2_shape_offset,phase2_shape_offset,trial=13
1774045330.621112108,phase2_blank1_onset,phase2_blank1_onset,trial=13
1774045331.630597830,phase2_blank1_offset,phase2_blank1_offset,trial=13
1774045331.631281853,phase2_reddot_onset,phase2_reddot_onset,trial=13
1774045334.641830921,phase2_reddot_offset,phase2_reddot_offset,trial=13
1774045334.643050909,phase2_context2_onset,phase2_context2_onset,trial=13
1774045335.677495003,phase2_context2_offset,phase2_context2_offset,trial=13
1774045335.678539038,phase2_shape2_onset,phase2_shape2_onset,trial=13
1774045336.687755108,phase2_shape2_offset,phase2_shape2_offset,trial=13
1774045336.688505173,phase2_blank2_onset,phase2_blank2_onset,trial=13
1774045337.698139906,phase2_blank2_offset,phase2_blank2_offset,trial=13
1774045337.699132919,phase2_reddot2_onset,phase2_reddot2_onset,trial=13
1774045340.707881927,phase2_reddot2_offset,phase2_reddot2_offset,trial=13
1774045340.725845098,phase2_question_onset,phase2_question_onset,trial=13
1774045341.547685862,phase2_response,phase2_response,trial=13 response=POND
1774045341.548686028,phase2_question_offset,phase2_question_offset,trial=13
1774045341.549397945,phase2_trial_iti_onset,phase2_trial_iti_onset,trial=13
1774045342.053580046,phase2_trial_iti_offset,phase2_trial_iti_offset,trial=13
1774045342.054512978,phase2_fixation_onset,phase2_fixation_onset,trial=14
1774045342.562016010,phase2_fixation_offset,phase2_fixation_offset,trial=14
1774045342.678720951,phase2_context1_onset,phase2_context1_onset,trial=14
1774045343.682864189,phase2_context1_offset,phase2_context1_offset,trial=14
1774045343.683403015,phase2_shape_onset,phase2_shape_onset,trial=14
1774045344.696434021,phase2_shape_offset,phase2_shape_offset,trial=14
1774045344.697338820,phase2_blank1_onset,phase2_blank1_onset,trial=14
1774045345.705124140,phase2_blank1_offset,phase2_blank1_offset,trial=14
1774045345.706197977,phase2_reddot_onset,phase2_reddot_onset,trial=14
1774045348.717216015,phase2_reddot_offset,phase2_reddot_offset,trial=14
1774045348.718171835,phase2_context2_onset,phase2_context2_onset,trial=14
1774045349.745227098,phase2_context2_offset,phase2_context2_offset,trial=14
1774045349.746293068,phase2_shape2_onset,phase2_shape2_onset,trial=14
1774045350.755630016,phase2_shape2_offset,phase2_shape2_offset,trial=14
1774045350.756433010,phase2_blank2_onset,phase2_blank2_onset,trial=14
1774045351.765863895,phase2_blank2_offset,phase2_blank2_offset,trial=14
1774045351.766947031,phase2_reddot2_onset,phase2_reddot2_onset,trial=14
1774045354.776902914,phase2_reddot2_offset,phase2_reddot2_offset,trial=14
1774045354.802127123,phase2_question_onset,phase2_question_onset,trial=14
1774045355.685953140,phase2_response,phase2_response,trial=14 response=CINEMA
1774045355.686290026,phase2_question_offset,phase2_question_offset,trial=14
1774045355.686644077,phase2_trial_iti_onset,phase2_trial_iti_onset,trial=14
1774045356.190576077,phase2_trial_iti_offset,phase2_trial_iti_offset,trial=14
1774045356.191416025,phase2_fixation_onset,phase2_fixation_onset,trial=15
1774045356.698982954,phase2_fixation_offset,phase2_fixation_offset,trial=15
1774045356.813584805,phase2_context1_onset,phase2_context1_onset,trial=15
1774045357.817496061,phase2_context1_offset,phase2_context1_offset,trial=15
1774045357.818515062,phase2_shape_onset,phase2_shape_onset,trial=15
1774045358.829968929,phase2_shape_offset,phase2_shape_offset,trial=15
1774045358.831007004,phase2_blank1_onset,phase2_blank1_onset,trial=15
1774045359.839644909,phase2_blank1_offset,phase2_blank1_offset,trial=15
1774045359.840574980,phase2_reddot_onset,phase2_reddot_onset,trial=15
1774045362.848567009,phase2_reddot_offset,phase2_reddot_offset,trial=15
1774045362.849640846,phase2_context2_onset,phase2_context2_onset,trial=15
1774045363.867726088,phase2_context2_offset,phase2_context2_offset,trial=15
1774045363.868707180,phase2_shape2_onset,phase2_shape2_onset,trial=15
1774045364.877388000,phase2_shape2_offset,phase2_shape2_offset,trial=15
1774045364.878029108,phase2_blank2_onset,phase2_blank2_onset,trial=15
1774045365.886331797,phase2_blank2_offset,phase2_blank2_offset,trial=15
1774045365.887410879,phase2_reddot2_onset,phase2_reddot2_onset,trial=15
1774045368.895812035,phase2_reddot2_offset,phase2_reddot2_offset,trial=15
1774045368.913681984,phase2_question_onset,phase2_question_onset,trial=15
1774045373.022831202,phase2_response,phase2_response,trial=15 response=WALL
1774045373.023623943,phase2_question_offset,phase2_question_offset,trial=15
1774045373.024240017,phase2_trial_iti_onset,phase2_trial_iti_onset,trial=15
1774045373.530095100,phase2_trial_iti_offset,phase2_trial_iti_offset,trial=15
1774045373.530913115,phase2_fixation_onset,phase2_fixation_onset,trial=16
1774045374.038542032,phase2_fixation_offset,phase2_fixation_offset,trial=16
1774045374.161858082,phase2_context1_onset,phase2_context1_onset,trial=16
1774045375.167258024,phase2_context1_offset,phase2_context1_offset,trial=16
1774045375.168519974,phase2_shape_onset,phase2_shape_onset,trial=16
1774045376.180848122,phase2_shape_offset,phase2_shape_offset,trial=16
1774045376.181968927,phase2_blank1_onset,phase2_blank1_onset,trial=16
1774045377.190384150,phase2_blank1_offset,phase2_blank1_offset,trial=16
1774045377.191468954,phase2_reddot_onset,phase2_reddot_onset,trial=16
1774045380.200639963,phase2_reddot_offset,phase2_reddot_offset,trial=16
1774045380.201317072,phase2_context2_onset,phase2_context2_onset,trial=16
1774045381.231172085,phase2_context2_offset,phase2_context2_offset,trial=16
1774045381.232077122,phase2_shape2_onset,phase2_shape2_onset,trial=16
1774045382.244866133,phase2_shape2_offset,phase2_shape2_offset,trial=16
1774045382.245718956,phase2_blank2_onset,phase2_blank2_onset,trial=16
1774045383.254823923,phase2_blank2_offset,phase2_blank2_offset,trial=16
1774045383.255654812,phase2_reddot2_onset,phase2_reddot2_onset,trial=16
1774045386.266209126,phase2_reddot2_offset,phase2_reddot2_offset,trial=16
1774045386.292954206,phase2_question_onset,phase2_question_onset,trial=16
1774045386.928476810,phase2_response,phase2_response,trial=16 response=SKY
1774045386.929075003,phase2_question_offset,phase2_question_offset,trial=16
1774045386.929562807,phase2_trial_iti_onset,phase2_trial_iti_onset,trial=16
1774045387.433725834,phase2_trial_iti_offset,phase2_trial_iti_offset,trial=16
1774045387.434777021,phase2_fixation_onset,phase2_fixation_onset,trial=17
1774045387.942938805,phase2_fixation_offset,phase2_fixation_offset,trial=17
1774045388.053971052,phase2_context1_onset,phase2_context1_onset,trial=17
1774045389.060410976,phase2_context1_offset,phase2_context1_offset,trial=17
1774045389.061193943,phase2_shape_onset,phase2_shape_onset,trial=17
1774045390.079406023,phase2_shape_offset,phase2_shape_offset,trial=17
1774045390.079975843,phase2_blank1_onset,phase2_blank1_onset,trial=17
1774045391.089740038,phase2_blank1_offset,phase2_blank1_offset,trial=17
1774045391.090767860,phase2_reddot_onset,phase2_reddot_onset,trial=17
1774045394.102950811,phase2_reddot_offset,phase2_reddot_offset,trial=17
1774045394.103818893,phase2_context2_onset,phase2_context2_onset,trial=17
1774045395.126942873,phase2_context2_offset,phase2_context2_offset,trial=17
1774045395.127698898,phase2_shape2_onset,phase2_shape2_onset,trial=17
1774045396.139327049,phase2_shape2_offset,phase2_shape2_offset,trial=17
1774045396.140264988,phase2_blank2_onset,phase2_blank2_onset,trial=17
1774045397.149255991,phase2_blank2_offset,phase2_blank2_offset,trial=17
1774045397.149816036,phase2_reddot2_onset,phase2_reddot2_onset,trial=17
1774045400.158401012,phase2_reddot2_offset,phase2_reddot2_offset,trial=17
1774045400.185809851,phase2_question_onset,phase2_question_onset,trial=17
1774045400.925856113,phase2_response,phase2_response,trial=17 response=BOOKSTORE
1774045400.926441908,phase2_question_offset,phase2_question_offset,trial=17
1774045400.927087069,phase2_trial_iti_onset,phase2_trial_iti_onset,trial=17
1774045401.431513071,phase2_trial_iti_offset,phase2_trial_iti_offset,trial=17
1774045401.431981087,phase2_fixation_onset,phase2_fixation_onset,trial=18
1774045401.939928055,phase2_fixation_offset,phase2_fixation_offset,trial=18
1774045402.051334858,phase2_context1_onset,phase2_context1_onset,trial=18
1774045403.056020975,phase2_context1_offset,phase2_context1_offset,trial=18
1774045403.056512117,phase2_shape_onset,phase2_shape_onset,trial=18
1774045404.068517208,phase2_shape_offset,phase2_shape_offset,trial=18
1774045404.069418907,phase2_blank1_onset,phase2_blank1_onset,trial=18
1774045405.077590942,phase2_blank1_offset,phase2_blank1_offset,trial=18
1774045405.078464985,phase2_reddot_onset,phase2_reddot_onset,trial=18
1774045408.086169004,phase2_reddot_offset,phase2_reddot_offset,trial=18
1774045408.086719036,phase2_context2_onset,phase2_context2_onset,trial=18
1774045409.109899998,phase2_context2_offset,phase2_context2_offset,trial=18
1774045409.110951900,phase2_shape2_onset,phase2_shape2_onset,trial=18
1774045410.120629072,phase2_shape2_offset,phase2_shape2_offset,trial=18
1774045410.121522903,phase2_blank2_onset,phase2_blank2_onset,trial=18
1774045411.141248941,phase2_blank2_offset,phase2_blank2_offset,trial=18
1774045411.142373800,phase2_reddot2_onset,phase2_reddot2_onset,trial=18
1774045414.151003838,phase2_reddot2_offset,phase2_reddot2_offset,trial=18
1774045414.172086000,phase2_question_onset,phase2_question_onset,trial=18
1774045414.586626053,phase2_response,phase2_response,trial=18 response=CARROT
1774045414.587458134,phase2_question_offset,phase2_question_offset,trial=18
1774045414.588048935,phase2_trial_iti_onset,phase2_trial_iti_onset,trial=18
1774045415.097249031,phase2_trial_iti_offset,phase2_trial_iti_offset,trial=18
1774045415.097742081,phase2_fixation_onset,phase2_fixation_onset,trial=19
1774045415.605628967,phase2_fixation_offset,phase2_fixation_offset,trial=19
1774045415.711103916,phase2_context1_onset,phase2_context1_onset,trial=19
1774045416.716709852,phase2_context1_offset,phase2_context1_offset,trial=19
1774045416.717567921,phase2_shape_onset,phase2_shape_onset,trial=19
1774045417.728753805,phase2_shape_offset,phase2_shape_offset,trial=19
1774045417.729242802,phase2_blank1_onset,phase2_blank1_onset,trial=19
1774045418.740118027,phase2_blank1_offset,phase2_blank1_offset,trial=19
1774045418.740607023,phase2_reddot_onset,phase2_reddot_onset,trial=19
1774045421.749234915,phase2_reddot_offset,phase2_reddot_offset,trial=19
1774045421.750949860,phase2_context2_onset,phase2_context2_onset,trial=19
1774045422.769942999,phase2_context2_offset,phase2_context2_offset,trial=19
1774045422.770995855,phase2_shape2_onset,phase2_shape2_onset,trial=19
1774045423.781434059,phase2_shape2_offset,phase2_shape2_offset,trial=19
1774045423.782064915,phase2_blank2_onset,phase2_blank2_onset,trial=19
1774045424.789120913,phase2_blank2_offset,phase2_blank2_offset,trial=19
1774045424.789729118,phase2_reddot2_onset,phase2_reddot2_onset,trial=19
1774045427.801039934,phase2_reddot2_offset,phase2_reddot2_offset,trial=19
1774045427.827865124,phase2_question_onset,phase2_question_onset,trial=19
1774045430.011317015,phase2_response,phase2_response,trial=19 response=CARROT
1774045430.012198925,phase2_question_offset,phase2_question_offset,trial=19
1774045430.013302088,phase2_trial_iti_onset,phase2_trial_iti_onset,trial=19
1774045430.517118931,phase2_trial_iti_offset,phase2_trial_iti_offset,trial=19
1774045430.518239021,phase2_fixation_onset,phase2_fixation_onset,trial=20
1774045431.026181221,phase2_fixation_offset,phase2_fixation_offset,trial=20
1774045431.138138056,phase2_context1_onset,phase2_context1_onset,trial=20
1774045432.142708063,phase2_context1_offset,phase2_context1_offset,trial=20
1774045432.143623829,phase2_shape_onset,phase2_shape_onset,trial=20
1774045433.154345036,phase2_shape_offset,phase2_shape_offset,trial=20
1774045433.155130148,phase2_blank1_onset,phase2_blank1_onset,trial=20
1774045434.161923170,phase2_blank1_offset,phase2_blank1_offset,trial=20
1774045434.162823915,phase2_reddot_onset,phase2_reddot_onset,trial=20
1774045437.170277119,phase2_reddot_offset,phase2_reddot_offset,trial=20
1774045437.171121836,phase2_context2_onset,phase2_context2_onset,trial=20
1774045438.187839031,phase2_context2_offset,phase2_context2_offset,trial=20
1774045438.189069033,phase2_shape2_onset,phase2_shape2_onset,trial=20
1774045439.198168039,phase2_shape2_offset,phase2_shape2_offset,trial=20
1774045439.198925972,phase2_blank2_onset,phase2_blank2_onset,trial=20
1774045440.222652912,phase2_blank2_offset,phase2_blank2_offset,trial=20
1774045440.223541021,phase2_reddot2_onset,phase2_reddot2_onset,trial=20
1774045443.229471922,phase2_reddot2_offset,phase2_reddot2_offset,trial=20
1774045443.248516083,phase2_question_onset,phase2_question_onset,trial=20
1774045444.368844986,phase2_response,phase2_response,trial=20 response=CINEMA
1774045444.369400024,phase2_question_offset,phase2_question_offset,trial=20
1774045444.370038986,phase2_trial_iti_onset,phase2_trial_iti_onset,trial=20
1774045444.875058889,phase2_trial_iti_offset,phase2_trial_iti_offset,trial=20
1774045444.875908136,phase2_fixation_onset,phase2_fixation_onset,trial=21
1774045445.383142948,phase2_fixation_offset,phase2_fixation_offset,trial=21
1774045445.477107048,phase2_context1_onset,phase2_context1_onset,trial=21
1774045446.482589006,phase2_context1_offset,phase2_context1_offset,trial=21
1774045446.484239101,phase2_shape_onset,phase2_shape_onset,trial=21
1774045447.515753031,phase2_shape_offset,phase2_shape_offset,trial=21
1774045447.516391993,phase2_blank1_onset,phase2_blank1_onset,trial=21
1774045448.542151928,phase2_blank1_offset,phase2_blank1_offset,trial=21
1774045448.542885780,phase2_reddot_onset,phase2_reddot_onset,trial=21
1774045451.569468021,phase2_reddot_offset,phase2_reddot_offset,trial=21
1774045451.570366859,phase2_context2_onset,phase2_context2_onset,trial=21
1774045452.592844009,phase2_context2_offset,phase2_context2_offset,trial=21
1774045452.593456984,phase2_shape2_onset,phase2_shape2_onset,trial=21
1774045453.602667093,phase2_shape2_offset,phase2_shape2_offset,trial=21
1774045453.603667974,phase2_blank2_onset,phase2_blank2_onset,trial=21
1774045454.613173962,phase2_blank2_offset,phase2_blank2_offset,trial=21
1774045454.613814116,phase2_reddot2_onset,phase2_reddot2_onset,trial=21
1774045457.622071981,phase2_reddot2_offset,phase2_reddot2_offset,trial=21
1774045457.646126032,phase2_question_onset,phase2_question_onset,trial=21
1774045460.762795925,phase2_response,phase2_response,trial=21 response=POND
1774045460.763278008,phase2_question_offset,phase2_question_offset,trial=21
1774045460.763855219,phase2_trial_iti_onset,phase2_trial_iti_onset,trial=21
1774045461.267414093,phase2_trial_iti_offset,phase2_trial_iti_offset,trial=21
1774045461.268197775,phase2_fixation_onset,phase2_fixation_onset,trial=22
1774045461.775646925,phase2_fixation_offset,phase2_fixation_offset,trial=22
1774045461.893628836,phase2_context1_onset,phase2_context1_onset,trial=22
1774045462.898910999,phase2_context1_offset,phase2_context1_offset,trial=22
1774045462.900182962,phase2_shape_onset,phase2_shape_onset,trial=22
1774045463.912786007,phase2_shape_offset,phase2_shape_offset,trial=22
1774045463.913290977,phase2_blank1_onset,phase2_blank1_onset,trial=22
1774045464.919866085,phase2_blank1_offset,phase2_blank1_offset,trial=22
1774045464.920644045,phase2_reddot_onset,phase2_reddot_onset,trial=22
1774045467.944719076,phase2_reddot_offset,phase2_reddot_offset,trial=22
1774045467.945509911,phase2_context2_onset,phase2_context2_onset,trial=22
1774045468.969529152,phase2_context2_offset,phase2_context2_offset,trial=22
1774045468.970619917,phase2_shape2_onset,phase2_shape2_onset,trial=22
1774045469.982812881,phase2_shape2_offset,phase2_shape2_offset,trial=22
1774045469.983450890,phase2_blank2_onset,phase2_blank2_onset,trial=22
1774045470.992828846,phase2_blank2_offset,phase2_blank2_offset,trial=22
1774045470.993727922,phase2_reddot2_onset,phase2_reddot2_onset,trial=22
1774045474.002516031,phase2_reddot2_offset,phase2_reddot2_offset,trial=22
1774045474.027837992,phase2_question_onset,phase2_question_onset,trial=22
1774045478.038223982,phase2_response,phase2_response,trial=22 response=CARROT
1774045478.038891077,phase2_question_offset,phase2_question_offset,trial=22
1774045478.039509058,phase2_trial_iti_onset,phase2_trial_iti_onset,trial=22
1774045478.543610096,phase2_trial_iti_offset,phase2_trial_iti_offset,trial=22
1774045478.544433832,phase2_fixation_onset,phase2_fixation_onset,trial=23
1774045479.051802874,phase2_fixation_offset,phase2_fixation_offset,trial=23
1774045479.163664818,phase2_context1_onset,phase2_context1_onset,trial=23
1774045480.170228958,phase2_context1_offset,phase2_context1_offset,trial=23
1774045480.171015978,phase2_shape_onset,phase2_shape_onset,trial=23
1774045481.195648909,phase2_shape_offset,phase2_shape_offset,trial=23
1774045481.196434975,phase2_blank1_onset,phase2_blank1_onset,trial=23
1774045482.201822996,phase2_blank1_offset,phase2_blank1_offset,trial=23
1774045482.202780962,phase2_reddot_onset,phase2_reddot_onset,trial=23
1774045485.213171959,phase2_reddot_offset,phase2_reddot_offset,trial=23
1774045485.213990927,phase2_context2_onset,phase2_context2_onset,trial=23
1774045486.238331795,phase2_context2_offset,phase2_context2_offset,trial=23
1774045486.239101887,phase2_shape2_onset,phase2_shape2_onset,trial=23
1774045487.249890089,phase2_shape2_offset,phase2_shape2_offset,trial=23
1774045487.250873089,phase2_blank2_onset,phase2_blank2_onset,trial=23
1774045488.260496855,phase2_blank2_offset,phase2_blank2_offset,trial=23
1774045488.261404991,phase2_reddot2_onset,phase2_reddot2_onset,trial=23
1774045491.270150900,phase2_reddot2_offset,phase2_reddot2_offset,trial=23
1774045491.316288948,phase2_question_onset,phase2_question_onset,trial=23
1774045494.407093048,phase2_response,phase2_response,trial=23 response=POND
1774045494.407363176,phase2_question_offset,phase2_question_offset,trial=23
1774045494.407894135,phase2_trial_iti_onset,phase2_trial_iti_onset,trial=23
1774045494.911720991,phase2_trial_iti_offset,phase2_trial_iti_offset,trial=23
1774045494.912523031,phase2_fixation_onset,phase2_fixation_onset,trial=24
1774045495.420324087,phase2_fixation_offset,phase2_fixation_offset,trial=24
1774045495.523808002,phase2_context1_onset,phase2_context1_onset,trial=24
1774045496.528729200,phase2_context1_offset,phase2_context1_offset,trial=24
1774045496.529515982,phase2_shape_onset,phase2_shape_onset,trial=24
1774045497.540397167,phase2_shape_offset,phase2_shape_offset,trial=24
1774045497.541258097,phase2_blank1_onset,phase2_blank1_onset,trial=24
1774045498.550597906,phase2_blank1_offset,phase2_blank1_offset,trial=24
1774045498.551286936,phase2_reddot_onset,phase2_reddot_onset,trial=24
1774045501.577857971,phase2_reddot_offset,phase2_reddot_offset,trial=24
1774045501.578266144,phase2_context2_onset,phase2_context2_onset,trial=24
1774045502.611482859,phase2_context2_offset,phase2_context2_offset,trial=24
1774045502.611944914,phase2_shape2_onset,phase2_shape2_onset,trial=24
1774045503.622838020,phase2_shape2_offset,phase2_shape2_offset,trial=24
1774045503.623629093,phase2_blank2_onset,phase2_blank2_onset,trial=24
1774045504.632878065,phase2_blank2_offset,phase2_blank2_offset,trial=24
1774045504.633358002,phase2_reddot2_onset,phase2_reddot2_onset,trial=24
1774045507.656842947,phase2_reddot2_offset,phase2_reddot2_offset,trial=24
1774045507.696368217,phase2_question_onset,phase2_question_onset,trial=24
1774045512.436077118,phase2_response,phase2_response,trial=24 response=BEDROOM
1774045512.437474966,phase2_question_offset,phase2_question_offset,trial=24
1774045512.438177109,phase2_trial_iti_onset,phase2_trial_iti_onset,trial=24
1774045512.943521976,phase2_trial_iti_offset,phase2_trial_iti_offset,trial=24
1774045513.110267878,phase2_break_onset,phase2_break_onset,after_trial=24
1774045519.284164190,phase2_break_enter,phase2_break_enter,
1774045519.284765005,phase2_break_offset,phase2_break_offset,
1774045519.336661100,phase2_fixation_onset,phase2_fixation_onset,trial=25
1774045519.841897011,phase2_fixation_offset,phase2_fixation_offset,trial=25
1774045519.961060047,phase2_context1_onset,phase2_context1_onset,trial=25
1774045520.964864016,phase2_context1_offset,phase2_context1_offset,trial=25
1774045520.965283155,phase2_shape_onset,phase2_shape_onset,trial=25
1774045521.992748976,phase2_shape_offset,phase2_shape_offset,trial=25
1774045521.993021965,phase2_blank1_onset,phase2_blank1_onset,trial=25
1774045522.998223782,phase2_blank1_offset,phase2_blank1_offset,trial=25
1774045522.998749971,phase2_reddot_onset,phase2_reddot_onset,trial=25
1774045526.006235838,phase2_reddot_offset,phase2_reddot_offset,trial=25
1774045526.007029057,phase2_context2_onset,phase2_context2_onset,trial=25
1774045527.034145117,phase2_context2_offset,phase2_context2_offset,trial=25
1774045527.034844875,phase2_shape2_onset,phase2_shape2_onset,trial=25
1774045528.055974007,phase2_shape2_offset,phase2_shape2_offset,trial=25
1774045528.056548119,phase2_blank2_onset,phase2_blank2_onset,trial=25
1774045529.068603992,phase2_blank2_offset,phase2_blank2_offset,trial=25
1774045529.069185972,phase2_reddot2_onset,phase2_reddot2_onset,trial=25
1774045532.079895020,phase2_reddot2_offset,phase2_reddot2_offset,trial=25
1774045532.100397110,phase2_question_onset,phase2_question_onset,trial=25
1774045532.686370134,phase2_response,phase2_response,trial=25 response=WALL
1774045532.686680079,phase2_question_offset,phase2_question_offset,trial=25
1774045532.687321186,phase2_trial_iti_onset,phase2_trial_iti_onset,trial=25
1774045533.191357851,phase2_trial_iti_offset,phase2_trial_iti_offset,trial=25
1774045533.192240953,phase2_fixation_onset,phase2_fixation_onset,trial=26
1774045533.699867964,phase2_fixation_offset,phase2_fixation_offset,trial=26
1774045533.811934948,phase2_context1_onset,phase2_context1_onset,trial=26
1774045534.816662073,phase2_context1_offset,phase2_context1_offset,trial=26
1774045534.817520857,phase2_shape_onset,phase2_shape_onset,trial=26
1774045535.833040953,phase2_shape_offset,phase2_shape_offset,trial=26
1774045535.833307981,phase2_blank1_onset,phase2_blank1_onset,trial=26
1774045536.844612122,phase2_blank1_offset,phase2_blank1_offset,trial=26
1774045536.845849037,phase2_reddot_onset,phase2_reddot_onset,trial=26
1774045539.861686945,phase2_reddot_offset,phase2_reddot_offset,trial=26
1774045539.862434149,phase2_context2_onset,phase2_context2_onset,trial=26
1774045540.894260883,phase2_context2_offset,phase2_context2_offset,trial=26
1774045540.895339012,phase2_shape2_onset,phase2_shape2_onset,trial=26
1774045541.904304981,phase2_shape2_offset,phase2_shape2_offset,trial=26
1774045541.904896021,phase2_blank2_onset,phase2_blank2_onset,trial=26
1774045542.912976980,phase2_blank2_offset,phase2_blank2_offset,trial=26
1774045542.913460016,phase2_reddot2_onset,phase2_reddot2_onset,trial=26
1774045545.923259974,phase2_reddot2_offset,phase2_reddot2_offset,trial=26
1774045545.943142891,phase2_question_onset,phase2_question_onset,trial=26
1774045546.557922125,phase2_response,phase2_response,trial=26 response=TREE
1774045546.558450937,phase2_question_offset,phase2_question_offset,trial=26
1774045546.559066057,phase2_trial_iti_onset,phase2_trial_iti_onset,trial=26
1774045547.063049078,phase2_trial_iti_offset,phase2_trial_iti_offset,trial=26
1774045547.063664198,phase2_fixation_onset,phase2_fixation_onset,trial=27
1774045547.571671009,phase2_fixation_offset,phase2_fixation_offset,trial=27
1774045547.692967892,phase2_context1_onset,phase2_context1_onset,trial=27
1774045548.697118044,phase2_context1_offset,phase2_context1_offset,trial=27
1774045548.698085785,phase2_shape_onset,phase2_shape_onset,trial=27
1774045549.710086823,phase2_shape_offset,phase2_shape_offset,trial=27
1774045549.710968018,phase2_blank1_onset,phase2_blank1_onset,trial=27
1774045550.720778942,phase2_blank1_offset,phase2_blank1_offset,trial=27
1774045550.721817017,phase2_reddot_onset,phase2_reddot_onset,trial=27
1774045553.730679989,phase2_reddot_offset,phase2_reddot_offset,trial=27
1774045553.732441187,phase2_context2_onset,phase2_context2_onset,trial=27
1774045554.751814842,phase2_context2_offset,phase2_context2_offset,trial=27
1774045554.752794981,phase2_shape2_onset,phase2_shape2_onset,trial=27
1774045555.762684822,phase2_shape2_offset,phase2_shape2_offset,trial=27
1774045555.763676882,phase2_blank2_onset,phase2_blank2_onset,trial=27
1774045556.771476984,phase2_blank2_offset,phase2_blank2_offset,trial=27
1774045556.772410154,phase2_reddot2_onset,phase2_reddot2_onset,trial=27
1774045559.780599117,phase2_reddot2_offset,phase2_reddot2_offset,trial=27
1774045559.797114849,phase2_question_onset,phase2_question_onset,trial=27
1774045560.578217030,phase2_response,phase2_response,trial=27 response=CARROT
1774045560.578711987,phase2_question_offset,phase2_question_offset,trial=27
1774045560.579223156,phase2_trial_iti_onset,phase2_trial_iti_onset,trial=27
1774045561.082803011,phase2_trial_iti_offset,phase2_trial_iti_offset,trial=27
1774045561.083911896,phase2_fixation_onset,phase2_fixation_onset,trial=28
1774045561.591846943,phase2_fixation_offset,phase2_fixation_offset,trial=28
1774045561.702545881,phase2_context1_onset,phase2_context1_onset,trial=28
1774045562.708436012,phase2_context1_offset,phase2_context1_offset,trial=28
1774045562.709249020,phase2_shape_onset,phase2_shape_onset,trial=28
1774045563.720219851,phase2_shape_offset,phase2_shape_offset,trial=28
1774045563.721178055,phase2_blank1_onset,phase2_blank1_onset,trial=28
1774045564.729290009,phase2_blank1_offset,phase2_blank1_offset,trial=28
1774045564.730276108,phase2_reddot_onset,phase2_reddot_onset,trial=28
1774045567.739190102,phase2_reddot_offset,phase2_reddot_offset,trial=28
1774045567.740295887,phase2_context2_onset,phase2_context2_onset,trial=28
1774045568.776600122,phase2_context2_offset,phase2_context2_offset,trial=28
1774045568.777530193,phase2_shape2_onset,phase2_shape2_onset,trial=28
1774045569.788769960,phase2_shape2_offset,phase2_shape2_offset,trial=28
1774045569.789834023,phase2_blank2_onset,phase2_blank2_onset,trial=28
1774045570.800057173,phase2_blank2_offset,phase2_blank2_offset,trial=28
1774045570.800989866,phase2_reddot2_onset,phase2_reddot2_onset,trial=28
1774045573.811126947,phase2_reddot2_offset,phase2_reddot2_offset,trial=28
1774045573.837458849,phase2_question_onset,phase2_question_onset,trial=28
1774045574.743472099,phase2_response,phase2_response,trial=28 response=SKY
1774045574.744050980,phase2_question_offset,phase2_question_offset,trial=28
1774045574.746390104,phase2_trial_iti_onset,phase2_trial_iti_onset,trial=28
1774045575.250487089,phase2_trial_iti_offset,phase2_trial_iti_offset,trial=28
1774045575.251407146,phase2_fixation_onset,phase2_fixation_onset,trial=29
1774045575.758749962,phase2_fixation_offset,phase2_fixation_offset,trial=29
1774045575.866739988,phase2_context1_onset,phase2_context1_onset,trial=29
1774045576.870887995,phase2_context1_offset,phase2_context1_offset,trial=29
1774045576.872113943,phase2_shape_onset,phase2_shape_onset,trial=29
1774045577.883160114,phase2_shape_offset,phase2_shape_offset,trial=29
1774045577.883883953,phase2_blank1_onset,phase2_blank1_onset,trial=29
1774045578.893422127,phase2_blank1_offset,phase2_blank1_offset,trial=29
1774045578.894478083,phase2_reddot_onset,phase2_reddot_onset,trial=29
1774045581.905302048,phase2_reddot_offset,phase2_reddot_offset,trial=29
1774045581.906160831,phase2_context2_onset,phase2_context2_onset,trial=29
1774045582.933588028,phase2_context2_offset,phase2_context2_offset,trial=29
1774045582.934661150,phase2_shape2_onset,phase2_shape2_onset,trial=29
1774045583.942971945,phase2_shape2_offset,phase2_shape2_offset,trial=29
1774045583.943927050,phase2_blank2_onset,phase2_blank2_onset,trial=29
1774045584.951596022,phase2_blank2_offset,phase2_blank2_offset,trial=29
1774045584.952866077,phase2_reddot2_onset,phase2_reddot2_onset,trial=29
1774045587.962568998,phase2_reddot2_offset,phase2_reddot2_offset,trial=29
1774045587.978268862,phase2_question_onset,phase2_question_onset,trial=29
1774045588.778757811,phase2_response,phase2_response,trial=29 response=BOOKSTORE
1774045588.779347897,phase2_question_offset,phase2_question_offset,trial=29
1774045588.780090809,phase2_trial_iti_onset,phase2_trial_iti_onset,trial=29
1774045589.284120083,phase2_trial_iti_offset,phase2_trial_iti_offset,trial=29
1774045589.285210848,phase2_fixation_onset,phase2_fixation_onset,trial=30
1774045589.793187141,phase2_fixation_offset,phase2_fixation_offset,trial=30
1774045589.907212973,phase2_context1_onset,phase2_context1_onset,trial=30
1774045590.911513090,phase2_context1_offset,phase2_context1_offset,trial=30
1774045590.912421942,phase2_shape_onset,phase2_shape_onset,trial=30
1774045591.924793005,phase2_shape_offset,phase2_shape_offset,trial=30
1774045591.926006079,phase2_blank1_onset,phase2_blank1_onset,trial=30
1774045592.933893204,phase2_blank1_offset,phase2_blank1_offset,trial=30
1774045592.934799194,phase2_reddot_onset,phase2_reddot_onset,trial=30
1774045595.945457935,phase2_reddot_offset,phase2_reddot_offset,trial=30
1774045595.946430922,phase2_context2_onset,phase2_context2_onset,trial=30
1774045596.966181993,phase2_context2_offset,phase2_context2_offset,trial=30
1774045596.967154980,phase2_shape2_onset,phase2_shape2_onset,trial=30
1774045597.975265980,phase2_shape2_offset,phase2_shape2_offset,trial=30
1774045597.976274014,phase2_blank2_onset,phase2_blank2_onset,trial=30
1774045598.983915091,phase2_blank2_offset,phase2_blank2_offset,trial=30
1774045598.984915018,phase2_reddot2_onset,phase2_reddot2_onset,trial=30
1774045601.996590137,phase2_reddot2_offset,phase2_reddot2_offset,trial=30
1774045602.015081882,phase2_question_onset,phase2_question_onset,trial=30
1774045602.837677002,phase2_response,phase2_response,trial=30 response=WALL
1774045602.838428020,phase2_question_offset,phase2_question_offset,trial=30
1774045602.839350939,phase2_trial_iti_onset,phase2_trial_iti_onset,trial=30
1774045603.343476057,phase2_trial_iti_offset,phase2_trial_iti_offset,trial=30
1774045603.343920946,phase2_fixation_onset,phase2_fixation_onset,trial=31
1774045603.851193190,phase2_fixation_offset,phase2_fixation_offset,trial=31
1774045603.956066132,phase2_context1_onset,phase2_context1_onset,trial=31
1774045604.960242987,phase2_context1_offset,phase2_context1_offset,trial=31
1774045604.960774899,phase2_shape_onset,phase2_shape_onset,trial=31
1774045605.976292133,phase2_shape_offset,phase2_shape_offset,trial=31
1774045605.977293015,phase2_blank1_onset,phase2_blank1_onset,trial=31
1774045606.984955788,phase2_blank1_offset,phase2_blank1_offset,trial=31
1774045606.985884905,phase2_reddot_onset,phase2_reddot_onset,trial=31
1774045609.994264126,phase2_reddot_offset,phase2_reddot_offset,trial=31
1774045609.995195866,phase2_context2_onset,phase2_context2_onset,trial=31
1774045611.014350176,phase2_context2_offset,phase2_context2_offset,trial=31
1774045611.015450001,phase2_shape2_onset,phase2_shape2_onset,trial=31
1774045612.032595873,phase2_shape2_offset,phase2_shape2_offset,trial=31
1774045612.033625126,phase2_blank2_onset,phase2_blank2_onset,trial=31
1774045613.041661024,phase2_blank2_offset,phase2_blank2_offset,trial=31
1774045613.042668104,phase2_reddot2_onset,phase2_reddot2_onset,trial=31
1774045616.052731991,phase2_reddot2_offset,phase2_reddot2_offset,trial=31
1774045616.074048042,phase2_question_onset,phase2_question_onset,trial=31
1774045618.082233191,phase2_response,phase2_response,trial=31 response=CARROT
1774045618.082536936,phase2_question_offset,phase2_question_offset,trial=31
1774045618.083078861,phase2_trial_iti_onset,phase2_trial_iti_onset,trial=31
1774045618.591177940,phase2_trial_iti_offset,phase2_trial_iti_offset,trial=31
1774045618.591305971,phase2_fixation_onset,phase2_fixation_onset,trial=32
1774045619.095717907,phase2_fixation_offset,phase2_fixation_offset,trial=32
1774045619.209192991,phase2_context1_onset,phase2_context1_onset,trial=32
1774045620.213901997,phase2_context1_offset,phase2_context1_offset,trial=32
1774045620.214468002,phase2_shape_onset,phase2_shape_onset,trial=32
1774045621.224972010,phase2_shape_offset,phase2_shape_offset,trial=32
1774045621.225368023,phase2_blank1_onset,phase2_blank1_onset,trial=32
1774045622.234287024,phase2_blank1_offset,phase2_blank1_offset,trial=32
1774045622.234961987,phase2_reddot_onset,phase2_reddot_onset,trial=32
1774045625.245552063,phase2_reddot_offset,phase2_reddot_offset,trial=32
1774045625.246682882,phase2_context2_onset,phase2_context2_onset,trial=32
1774045626.268647909,phase2_context2_offset,phase2_context2_offset,trial=32
1774045626.268965960,phase2_shape2_onset,phase2_shape2_onset,trial=32
1774045627.286682129,phase2_shape2_offset,phase2_shape2_offset,trial=32
1774045627.288538933,phase2_blank2_onset,phase2_blank2_onset,trial=32
1774045628.309088945,phase2_blank2_offset,phase2_blank2_offset,trial=32
1774045628.309998989,phase2_reddot2_onset,phase2_reddot2_onset,trial=32
1774045631.320869923,phase2_reddot2_offset,phase2_reddot2_offset,trial=32
1774045631.356900215,phase2_question_onset,phase2_question_onset,trial=32
1774045647.541992903,phase2_response,phase2_response,trial=32 response=BEDROOM
1774045647.542842150,phase2_question_offset,phase2_question_offset,trial=32
1774045647.543522120,phase2_trial_iti_onset,phase2_trial_iti_onset,trial=32
1774045648.047373056,phase2_trial_iti_offset,phase2_trial_iti_offset,trial=32
1774045648.048411846,phase2_fixation_onset,phase2_fixation_onset,trial=33
1774045648.557160854,phase2_fixation_offset,phase2_fixation_offset,trial=33
1774045648.666542053,phase2_context1_onset,phase2_context1_onset,trial=33
1774045649.682867050,phase2_context1_offset,phase2_context1_offset,trial=33
1774045649.683336020,phase2_shape_onset,phase2_shape_onset,trial=33
1774045650.704890966,phase2_shape_offset,phase2_shape_offset,trial=33
1774045650.705455065,phase2_blank1_onset,phase2_blank1_onset,trial=33
1774045651.714384794,phase2_blank1_offset,phase2_blank1_offset,trial=33
1774045651.715354204,phase2_reddot_onset,phase2_reddot_onset,trial=33
1774045654.723797083,phase2_reddot_offset,phase2_reddot_offset,trial=33
1774045654.725000858,phase2_context2_onset,phase2_context2_onset,trial=33
1774045655.740179062,phase2_context2_offset,phase2_context2_offset,trial=33
1774045655.745034933,phase2_shape2_onset,phase2_shape2_onset,trial=33
1774045656.752882004,phase2_shape2_offset,phase2_shape2_offset,trial=33
1774045656.753828049,phase2_blank2_onset,phase2_blank2_onset,trial=33
1774045657.763520002,phase2_blank2_offset,phase2_blank2_offset,trial=33
1774045657.764463186,phase2_reddot2_onset,phase2_reddot2_onset,trial=33
1774045660.775444984,phase2_reddot2_offset,phase2_reddot2_offset,trial=33
1774045660.793295860,phase2_question_onset,phase2_question_onset,trial=33
1774045662.264765978,phase2_response,phase2_response,trial=33 response=SKY
1774045662.265249014,phase2_question_offset,phase2_question_offset,trial=33
1774045662.265950918,phase2_trial_iti_onset,phase2_trial_iti_onset,trial=33
1774045662.775125027,phase2_trial_iti_offset,phase2_trial_iti_offset,trial=33
1774045662.775979042,phase2_fixation_onset,phase2_fixation_onset,trial=34
1774045663.285210848,phase2_fixation_offset,phase2_fixation_offset,trial=34
1774045663.391125917,phase2_context1_onset,phase2_context1_onset,trial=34
1774045664.401174068,phase2_context1_offset,phase2_context1_offset,trial=34
1774045664.401689053,phase2_shape_onset,phase2_shape_onset,trial=34
1774045665.416773081,phase2_shape_offset,phase2_shape_offset,trial=34
1774045665.417689085,phase2_blank1_onset,phase2_blank1_onset,trial=34
1774045666.427023888,phase2_blank1_offset,phase2_blank1_offset,trial=34
1774045666.427994013,phase2_reddot_onset,phase2_reddot_onset,trial=34
1774045669.436772108,phase2_reddot_offset,phase2_reddot_offset,trial=34
1774045669.437838078,phase2_context2_onset,phase2_context2_onset,trial=34
1774045670.457741976,phase2_context2_offset,phase2_context2_offset,trial=34
1774045670.458779812,phase2_shape2_onset,phase2_shape2_onset,trial=34
1774045671.466360092,phase2_shape2_offset,phase2_shape2_offset,trial=34
1774045671.467144966,phase2_blank2_onset,phase2_blank2_onset,trial=34
1774045672.474831820,phase2_blank2_offset,phase2_blank2_offset,trial=34
1774045672.476105928,phase2_reddot2_onset,phase2_reddot2_onset,trial=34
1774045675.486572027,phase2_reddot2_offset,phase2_reddot2_offset,trial=34
1774045675.527095079,phase2_question_onset,phase2_question_onset,trial=34
1774045676.913861036,phase2_response,phase2_response,trial=34 response=POND
1774045676.914227962,phase2_question_offset,phase2_question_offset,trial=34
1774045676.914685011,phase2_trial_iti_onset,phase2_trial_iti_onset,trial=34
1774045677.417695045,phase2_trial_iti_offset,phase2_trial_iti_offset,trial=34
1774045677.418689013,phase2_fixation_onset,phase2_fixation_onset,trial=35
1774045677.927155018,phase2_fixation_offset,phase2_fixation_offset,trial=35
1774045678.048104048,phase2_context1_onset,phase2_context1_onset,trial=35
1774045679.052927971,phase2_context1_offset,phase2_context1_offset,trial=35
1774045679.053680897,phase2_shape_onset,phase2_shape_onset,trial=35
1774045680.076967001,phase2_shape_offset,phase2_shape_offset,trial=35
1774045680.077706099,phase2_blank1_onset,phase2_blank1_onset,trial=35
1774045681.085567951,phase2_blank1_offset,phase2_blank1_offset,trial=35
1774045681.086618900,phase2_reddot_onset,phase2_reddot_onset,trial=35
1774045684.095877171,phase2_reddot_offset,phase2_reddot_offset,trial=35
1774045684.096921206,phase2_context2_onset,phase2_context2_onset,trial=35
1774045685.118699074,phase2_context2_offset,phase2_context2_offset,trial=35
1774045685.119672060,phase2_shape2_onset,phase2_shape2_onset,trial=35
1774045686.138202190,phase2_shape2_offset,phase2_shape2_offset,trial=35
1774045686.138932943,phase2_blank2_onset,phase2_blank2_onset,trial=35
1774045687.145657063,phase2_blank2_offset,phase2_blank2_offset,trial=35
1774045687.146306038,phase2_reddot2_onset,phase2_reddot2_onset,trial=35
1774045690.155849934,phase2_reddot2_offset,phase2_reddot2_offset,trial=35
1774045690.186534882,phase2_question_onset,phase2_question_onset,trial=35
1774045690.894702196,phase2_response,phase2_response,trial=35 response=POND
1774045690.895292997,phase2_question_offset,phase2_question_offset,trial=35
1774045690.895895004,phase2_trial_iti_onset,phase2_trial_iti_onset,trial=35
1774045691.399313927,phase2_trial_iti_offset,phase2_trial_iti_offset,trial=35
1774045691.400290012,phase2_fixation_onset,phase2_fixation_onset,trial=36
1774045691.914227962,phase2_fixation_offset,phase2_fixation_offset,trial=36
1774045692.036751032,phase2_context1_onset,phase2_context1_onset,trial=36
1774045693.045765162,phase2_context1_offset,phase2_context1_offset,trial=36
1774045693.046386957,phase2_shape_onset,phase2_shape_onset,trial=36
1774045694.055114031,phase2_shape_offset,phase2_shape_offset,trial=36
1774045694.055577040,phase2_blank1_onset,phase2_blank1_onset,trial=36
1774045695.064245939,phase2_blank1_offset,phase2_blank1_offset,trial=36
1774045695.064877033,phase2_reddot_onset,phase2_reddot_onset,trial=36
1774045698.091578960,phase2_reddot_offset,phase2_reddot_offset,trial=36
1774045698.092561960,phase2_context2_onset,phase2_context2_onset,trial=36
1774045699.111936092,phase2_context2_offset,phase2_context2_offset,trial=36
1774045699.112721920,phase2_shape2_onset,phase2_shape2_onset,trial=36
1774045700.121914148,phase2_shape2_offset,phase2_shape2_offset,trial=36
1774045700.122858047,phase2_blank2_onset,phase2_blank2_onset,trial=36
1774045701.130470991,phase2_blank2_offset,phase2_blank2_offset,trial=36
1774045701.131229877,phase2_reddot2_onset,phase2_reddot2_onset,trial=36
1774045704.139294863,phase2_reddot2_offset,phase2_reddot2_offset,trial=36
1774045704.153151989,phase2_question_onset,phase2_question_onset,trial=36
1774045704.735574007,phase2_response,phase2_response,trial=36 response=TREE
1774045704.736292124,phase2_question_offset,phase2_question_offset,trial=36
1774045704.737058163,phase2_trial_iti_onset,phase2_trial_iti_onset,trial=36
1774045705.241079092,phase2_trial_iti_offset,phase2_trial_iti_offset,trial=36
1774045705.412758112,phase2_break_onset,phase2_break_onset,after_trial=36
